{
  "candidates": [
    {
      "iteration": 34000,
      "epoch": 49,
      "name": "I34000_E49",
      "psnr": 14.368243739399317,
      "ssim": 0.6662431425151113
    },
    {
      "iteration": 36000,
      "epoch": 52,
      "name": "I36000_E52",
      "psnr": 15.291616176573086,
      "ssim": 0.7609174097053747
    }
  ],
  "best_model": {
    "iteration": 36000,
    "epoch": 52,
    "name": "I36000_E52",
    "psnr": 15.291616176573086,
    "ssim": 0.7609174097053747
  }
}